First Name,Sur Name,Issue Count,Date of Birth
Theo,Jonsen,5,1978-01-02T00:00:00
Fiona,de Vries,7,1950-11-12T00:00:00
Petra,Boersma,1,2001-04-20T00:00:00
Theo,Jonsen,5,1978-01-02T00:00:00
Theo,Jonsen,5,1978-01-02T00:00:00
Fiona,de Vries,7,1950-11-12T00:00:00
Petra,Boersma,1,2001-04-20T00:00:00
Theo,Jonsen,5,1978-01-02T00:00:00
Theo,Jonsen,5,1978-01-02T00:00:00
Fiona,de Vries,7,1950-11-12T00:00:00
Petra,Boersma,1,2001-04-20T00:00:00
Theo,Jonsen,5,1978-01-02T00:00:00
Theo,Jonsen,5,1978-01-02T00:00:00
Fiona,de Vries,7,1950-11-12T00:00:00
Petra,Boersma,1,2001-04-20T00:00:00
Theo,Jonsen,5,1978-01-02T00:00:00
Theo,Jonsen,5,1978-01-02T00:00:00
Fiona,de Vries,7,1950-11-12T00:00:00
Petra,Boersma,1,2001-04-20T00:00:00
Theo,Jonsen,5,1978-01-02T00:00:00
Theo,Jonsen,5,1978-01-02T00:00:00
Fiona,de Vries,7,1950-11-12T00:00:00
Petra,Boersma,1,2001-04-20T00:00:00
Theo,Jonsen,5,1978-01-02T00:00:00
Theo,Jonsen,5,1978-01-02T00:00:00
Fiona,de Vries,7,1950-11-12T00:00:00
Petra,Boersma,1,2001-04-20T00:00:00
Theo,Jonsen,5,1978-01-02T00:00:00
Theo,Jonsen,5,1978-01-02T00:00:00
Fiona,de Vries,7,1950-11-12T00:00:00
Petra,Boersma,1,2001-04-20T00:00:00
Theo,Jonsen,5,1978-01-02T00:00:00
Theo,Jonsen,5,1978-01-02T00:00:00
Fiona,de Vries,7,1950-11-12T00:00:00
Petra,Boersma,1,2001-04-20T00:00:00
Theo,Jonsen,5,1978-01-02T00:00:00
Theo,Jonsen,5,1978-01-02T00:00:00
Fiona,de Vries,7,1950-11-12T00:00:00
Petra,Boersma,1,2001-04-20T00:00:00
Theo,Jonsen,5,1978-01-02T00:00:00